Entry,Name,Total points,Gameweek Points,Gameweek Hits,Rank,Last Rank,Player,Player,Player,Player,Player,Player,Player,Player,Player,Player,Player,Player,Player,Player,Player,Captain,V Captain,Bank amount,Team Value,Gameweek Transfers
2621075,Luke know nuffink,309,71,0,1,2,260,247,115,267,233,251,393,304,302,280,417,400,113,138,493,280,417,0.1,101.4,1
3590375,yibbida-yibbida,299,102,0,2,5442,468,115,262,357,162,253,251,459,164,280,480,47,45,182,93,280,253,0.0,100.9,0
2415205,Roxrite_89,293,96,0,3,5442,468,267,357,247,115,145,253,433,391,280,480,136,295,86,182,280,253,0.3,100.8,0
2633702,CF Robinson Machado,293,45,0,3,1,260,247,267,28,253,393,251,125,280,177,151,445,95,182,145,280,253,0.3,101.0,0
2702629,Niall Might Do It,293,69,0,3,22,282,72,357,267,253,251,393,433,480,280,45,422,150,145,52,280,253,0.4,100.8,1
582028,Harry’s Golden Boot,292,63,0,6,9,260,247,355,246,267,251,304,164,280,372,43,445,70,433,56,280,372,0.0,101.3,2
642529,Alonso,291,77,0,7,198,260,247,291,267,253,370,251,393,233,280,417,190,427,189,145,280,253,0.0,101.4,1
50908,R.U.P.E.,289,65,0,8,26,260,267,115,245,357,253,251,393,43,151,280,400,433,95,131,280,253,0.0,101.5,2
3144802,Mancunian Devils,289,54,0,9,3,154,267,115,247,253,251,393,433,151,177,280,24,459,145,95,280,253,1.5,100.2,0
2554389,高普朋友隊,288,64,0,10,26,468,357,267,72,115,251,459,433,253,437,280,454,265,304,189,280,267,2.1,99.0,2
3517112,Kebhali lou,288,79,0,10,542,351,291,267,355,433,225,251,276,45,151,280,24,295,116,27,280,295,0.2,100.9,0
12137,Legends team 96,288,70,0,12,78,468,115,267,157,393,253,125,297,391,45,280,329,151,28,141,280,253,0.1,101.2,1
3616421,AT239401,288,81,0,12,750,445,357,247,267,251,253,393,370,45,280,151,509,145,95,167,280,253,0.0,101.3,0
791003,WUUUUUUH!,287,64,0,14,32,490,262,267,286,247,302,393,433,257,280,151,468,295,138,475,280,295,0.0,101.4,1
2852523,Alvheim FC,286,55,0,15,4,282,267,247,142,276,253,164,18,393,151,280,24,138,189,27,280,253,0.0,101.2,0
2992849,Oddi,286,61,0,16,16,260,247,115,72,393,253,251,276,433,280,480,400,153,140,32,280,251,0.8,100.4,1
2575352,LTU,286,63,0,17,32,260,247,357,72,312,276,251,393,370,45,280,154,151,150,402,280,251,0.9,99.9,0
3369418,m saad,285,71,0,18,217,468,246,357,267,122,275,251,18,43,280,480,136,145,303,196,280,275,0.0,101.1,0
1889352,Ahmed,285,64,0,19,45,282,115,72,246,433,393,276,251,480,43,280,154,220,184,330,280,251,0.4,100.7,0
2217312,Caïds,285,70,0,19,183,445,247,267,220,251,276,393,253,417,280,43,400,459,95,145,280,253,0.5,101.1,0
2614408,Van The Man,284,75,0,21,484,24,247,115,90,357,253,393,251,433,280,480,47,478,258,423,280,253,0.0,101.2,0
3980726,PdawgFC,284,67,0,22,100,400,291,267,247,251,253,393,370,151,280,45,445,95,167,145,280,253,0.3,101.1,0
4075100,BANGLADESh,283,75,0,23,596,400,28,245,247,40,365,253,122,280,43,177,47,145,138,147,280,253,0.3,101.0,0
3313612,Tinchy Sneijder,283,62,4,24,19,260,245,267,355,357,253,393,251,151,280,417,190,145,167,202,280,253,0.0,101.3,2
4298923,mex ting,282,59,0,25,30,260,72,267,357,115,251,18,253,393,280,151,25,145,56,209,253,280,0.0,101.5,0
2995004,Vikings,282,68,0,26,217,154,357,116,267,247,253,393,125,251,433,280,454,151,189,427,280,253,0.0,101.4,1
3869553,lazaar,282,65,0,27,109,400,247,267,291,253,251,370,393,45,151,280,445,145,56,195,280,253,0.8,100.4,0
357142,Loser11,281,74,0,28,872,400,247,357,267,393,370,251,253,151,280,45,445,95,145,56,280,253,0.0,101.1,0
1813759,Jumbosausages,281,56,0,28,8,400,247,145,267,276,253,251,233,393,43,280,47,151,427,335,280,253,0.3,101.0,1
3026048,Wander1ngM1nd,281,91,0,28,15163,468,357,246,115,267,182,167,253,151,480,280,136,273,145,183,280,267,3.9,97.0,0
1298148,Jonah's Dream,280,75,0,31,1135,490,247,262,221,370,432,276,251,40,280,45,400,506,28,480,280,251,0.3,100.5,2
1351775,El Professor,280,71,0,31,484,490,267,115,247,274,251,253,393,417,280,87,135,410,378,145,280,253,0.5,101.0,1
3497829,Pablo's hippos,280,72,0,33,596,400,247,357,267,370,253,393,251,280,480,45,445,95,56,145,280,253,0.0,101.5,1
500194,TC FC,279,71,0,34,596,400,247,357,267,393,253,370,251,45,280,437,445,56,427,145,280,253,0.9,100.4,0
1186572,teampospa,279,71,0,34,596,400,291,267,247,253,370,393,251,280,395,45,445,145,167,28,280,253,0.0,101.4,0
1292884,The Top Dawgs,279,57,0,36,35,260,247,286,267,115,253,393,251,432,151,280,190,145,189,182,280,253,0.3,101.0,0
2272216,ChelseaFromEngland,279,80,0,36,4015,468,115,357,267,330,125,365,251,478,480,280,282,437,338,334,251,280,0.0,101.1,0
3460472,四季我請晒,279,71,0,36,596,260,267,246,115,357,393,251,433,480,280,257,454,184,150,138,280,251,0.3,101.2,1
3461699,DanBenScott,279,78,0,36,2408,260,115,356,247,220,272,393,433,253,251,280,400,480,145,189,280,253,0.2,101.1,0
3480965,Marrakesh Zoots,279,60,0,36,65,260,247,357,267,253,251,393,391,151,280,45,445,145,56,95,280,253,0.3,101.3,0
3692056,Jangkrik,279,72,4,36,331,498,115,267,247,393,433,253,251,43,417,280,88,378,459,145,280,393,0.5,101.4,2
3818718,Chichibio e la gru,279,64,0,36,183,260,113,115,246,242,251,59,150,393,480,280,498,265,85,199,280,251,0.0,100.8,0
452267,Channel 4 news team,279,54,0,43,9,260,357,115,247,253,433,393,124,251,417,280,136,145,335,189,280,253,0.2,101.1,0
107113,Sonbovich,278,69,0,44,484,468,28,247,267,253,433,370,393,465,151,280,24,45,330,142,280,253,1.6,99.3,0
464568,Hanging by a Fred,278,53,0,44,16,260,247,267,115,184,393,253,433,280,257,437,24,145,423,304,280,253,0.1,101.5,1
4398604,Lalande F.C,278,57,0,44,39,260,247,267,357,145,393,251,433,253,417,280,155,151,182,138,280,253,0.9,100.6,0
2954515,Kanu+Benjani,278,54,0,47,29,260,267,246,115,18,122,459,251,280,177,151,454,28,447,423,280,267,0.5,100.9,0
2367559,BigNyyy,277,69,0,48,596,468,245,267,115,72,357,253,271,393,280,417,136,480,435,518,280,253,0.0,100.9,1
497803,Sons,277,62,0,49,157,260,267,247,286,115,393,364,253,280,417,177,190,80,145,451,280,417,0.0,101.1,1
2712245,HimbyTeam,277,68,0,49,542,260,115,247,267,182,253,251,393,417,280,151,400,95,56,145,280,253,0.0,101.4,1
219012,Connor Coadys Hair,277,59,0,51,88,260,246,267,116,125,253,251,164,40,437,280,490,423,480,145,253,164,0.0,101.5,1
588892,SuperCally,277,68,0,51,484,445,357,247,267,393,253,276,251,45,280,480,400,105,145,335,280,253,0.0,101.4,1
1273839,käÿü bäkäü fc,277,51,4,51,14,260,247,267,378,18,393,126,302,253,280,417,400,484,145,151,280,126,1.6,99.9,2
1386175,Phil FC,277,76,0,51,2408,351,115,247,267,357,393,251,274,253,280,417,155,458,145,109,267,280,0.0,101.5,1
1428837,BingoWings,277,72,0,51,1135,468,357,267,247,29,453,391,253,393,417,280,24,72,258,150,280,253,0.3,100.7,0
1513289,Shaq Attack,277,59,0,51,78,445,115,267,247,124,253,251,393,433,280,151,400,145,48,209,280,253,0.0,101.6,0
2423073,lian raad,277,69,0,51,693,351,247,267,286,251,370,297,393,417,280,257,454,115,99,145,280,351,0.0,101.7,0
3175781,Ciorne Szpekulanty,277,66,0,51,370,260,357,246,267,40,364,251,391,189,280,45,136,335,295,145,280,364,1.3,99.6,0
4367669,Cobra Kai,277,55,0,51,36,260,247,267,27,253,251,393,432,480,280,437,328,95,182,145,280,253,0.5,100.7,0
2452956,Söders Guldkorn,277,59,0,60,98,468,267,247,115,286,276,251,393,167,177,280,445,145,124,480,280,251,3.0,98.8,1
2718404,1 United,277,57,0,60,26,400,28,247,267,276,253,251,393,433,280,151,445,43,145,138,280,267,0.1,101.8,1
3184065,Los Barlados,277,57,0,60,64,400,221,378,247,18,253,276,393,251,177,280,445,95,189,145,280,253,0.5,100.1,0
1774411,Bix,276,52,0,63,22,490,247,267,115,410,253,251,393,18,280,177,400,142,145,189,280,267,0.0,101.5,0
227699,Gunners N Roses,276,73,4,64,1914,260,247,267,115,220,253,150,393,251,459,280,25,480,145,189,280,253,0.1,101.3,3
233118,A-m3ijl,276,62,0,64,198,351,247,267,115,370,302,251,124,393,417,280,190,43,145,427,280,251,2.6,99.2,1
559679,Wrong Direction,276,46,0,64,7,282,247,246,267,459,393,297,251,177,280,417,490,295,28,145,280,295,0.5,101.2,0
1978803,behdad11,276,57,0,64,65,260,115,357,286,276,251,253,393,437,45,280,439,334,427,433,280,253,0.5,100.3,1
2281737,Alyan team,276,64,0,64,314,468,267,247,116,27,70,251,365,393,43,280,24,295,189,413,280,251,0.9,100.8,1
2814461,Jay Paints FC,276,68,0,64,693,260,72,247,267,251,370,253,393,45,151,280,400,167,145,95,280,253,0.8,100.4,2
3827221,New ahly,276,70,0,64,1052,260,286,267,357,253,17,433,251,151,417,280,400,82,142,405,280,253,0.0,100.7,0
191612,ŚlunskiWurszt,276,62,0,71,198,260,286,247,267,253,370,125,393,251,280,45,155,145,189,335,280,253,0.3,101.0,0
1242674,Morties,276,62,0,71,217,260,357,286,267,251,233,393,253,370,280,177,136,332,109,145,280,253,0.0,101.2,0
2300346,SuperMalik,276,74,0,71,2264,468,357,378,70,251,393,276,253,480,280,326,445,17,48,335,280,276,0.4,100.3,0
2386561,elnagdy,276,75,0,71,2697,282,113,247,357,115,18,433,393,251,280,177,468,265,410,480,280,282,0.7,100.7,1
2440508,BunnyAyumi,276,64,0,71,314,445,357,267,247,253,251,370,393,43,280,151,400,145,167,52,280,253,0.0,101.4,0
2963479,Victorious Secret,276,70,0,71,947,400,357,247,267,251,370,253,393,417,45,280,454,145,56,52,280,251,0.2,101.1,1
3032077,EtshElkoraElmasreya,276,77,0,71,4015,260,267,246,72,357,433,251,253,125,280,43,190,218,19,480,253,280,2.0,99.2,0
3289197,Pihls11,276,60,0,71,122,400,247,70,115,267,433,253,126,393,280,257,47,152,18,145,280,253,0.4,100.9,0
3323079,alas smalling&jones,276,63,0,71,233,260,267,113,115,357,318,393,225,251,480,280,154,73,249,417,280,251,0.5,101.1,0
3852576,Annihalators XI,276,73,0,80,750,282,115,357,267,433,253,122,182,393,280,43,498,145,138,189,280,253,0.0,101.3,0
1206813,The Invincibles,275,51,0,81,22,468,267,247,115,393,276,122,18,251,280,177,25,145,32,189,280,276,0.5,101.2,0
3214630,Reever's Maine Men,275,79,0,81,5793,260,357,247,115,267,253,433,225,417,280,43,490,288,150,39,280,260,0.0,100.9,0
2472582,Allez!,275,59,0,83,134,260,115,267,246,251,393,253,433,43,417,280,136,145,126,52,280,253,1.0,100.6,0
2573982,John Puteh,275,68,0,83,750,400,267,247,357,253,251,370,393,45,151,280,445,145,167,95,280,253,0.2,100.9,1
2807749,Snowballers,275,72,0,83,1654,260,247,267,356,459,251,253,370,45,280,151,454,141,145,56,280,253,0.4,100.7,0
3879215,Quetshan,275,54,0,83,39,445,247,267,115,143,253,393,433,251,280,417,136,11,34,86,280,253,0.9,100.4,1
1379519,Biancoverde Utd,275,68,0,87,872,260,115,247,28,475,276,125,251,393,177,280,445,357,480,503,280,251,3.5,97.9,1
1487800,ZZ Top,275,78,0,87,4908,400,247,267,286,253,251,393,432,480,280,45,445,27,145,131,280,253,0.2,101.1,0
1884762,When Harry Met Alli,275,65,0,87,451,445,247,267,115,253,433,251,393,304,280,258,24,145,480,48,280,253,0.1,101.7,1
2684252,Fc Hasoon,275,54,0,87,45,400,267,115,247,253,393,251,433,276,151,280,445,145,427,189,280,253,0.5,101.1,1
3342742,Ultimate Loser,275,49,0,87,14,282,72,267,245,115,251,271,393,43,280,417,498,433,318,246,280,417,0.5,100.9,0
78365,its not all luck,274,61,0,92,233,400,267,221,247,392,251,13,393,280,480,257,137,265,142,340,280,251,0.4,101.0,1
1144008,Amiepj,274,71,0,92,1654,468,145,115,72,393,126,251,253,151,177,280,454,28,433,378,280,253,1.5,98.8,0
142354,Jon Snow's XI,274,59,0,94,157,260,115,247,267,142,393,253,251,280,45,151,179,131,145,56,280,253,0.4,101.0,1
1511013,Smarradona FC,274,60,0,94,198,260,245,267,115,141,435,393,253,122,251,280,190,145,189,524,280,253,0.0,101.1,0
1805414,UTD,274,72,0,94,2264,24,247,356,267,251,304,393,253,43,417,280,136,312,458,332,280,253,0.0,101.5,1
2020289,Schindler's XI,274,71,0,94,1914,400,267,286,247,251,393,276,253,45,417,280,445,433,95,145,280,267,0.1,101.8,1
2096852,Mo2minho,274,56,0,94,78,260,357,247,115,72,253,393,251,151,45,280,136,433,427,56,280,253,1.5,99.6,1
2328890,Bąbelki Apokalipsy,274,56,0,94,78,260,267,115,247,392,253,251,393,280,177,151,25,182,95,145,280,253,0.1,101.4,1
4289579,vamos!,274,50,0,94,22,260,247,357,115,18,393,251,272,302,280,257,400,437,72,335,280,251,0.0,101.4,0
215789,The IMMORTAL,274,54,0,101,52,260,247,27,267,393,251,253,40,433,280,417,190,151,48,145,280,253,0.4,101.4,1
235395,Kylie Minogue,274,65,0,101,484,260,286,267,246,312,253,251,393,125,45,280,47,480,56,145,280,253,0.5,101.1,0
278612,WZÓR Banda Sosnowiec,274,43,4,101,5,400,72,267,247,115,233,125,393,251,23,280,468,437,40,145,280,267,1.1,100.5,2
412017,Wenger In,274,67,0,101,750,400,247,357,267,253,393,251,370,151,280,45,445,145,167,95,280,253,0.3,101.1,0
531317,Groß Misconduct,274,69,0,101,1135,454,286,357,267,393,253,251,459,280,257,151,47,95,56,145,280,253,1.0,100.5,0
1840703,Manuk Phoenix,274,72,0,101,2264,260,72,247,115,31,253,251,433,459,43,280,454,18,94,513,253,247,0.4,101.0,1
1934894,Khaled Mawenya FC,274,76,0,101,4231,260,247,4,267,253,393,433,251,417,480,280,400,456,28,427,280,253,0.0,101.6,0
2827628,Mal woe FC,274,93,0,101,43214,260,115,220,242,227,253,124,393,417,280,480,400,142,129,357,280,253,0.0,100.7,0
2887772,OscarQuavoSkrrrt,274,63,0,101,331,282,357,115,267,145,459,393,370,251,280,257,136,295,189,140,280,295,0.2,101.2,0
2962564,Heineken United,274,58,0,101,52,260,115,355,267,247,253,393,433,364,280,417,400,126,145,189,280,253,0.3,101.1,1
3051133,Klop M'baku,274,78,0,101,5793,400,356,267,247,251,370,253,393,480,417,280,445,167,145,95,280,253,0.8,100.7,0
3231179,The FortKnights,274,87,0,101,20601,351,357,246,286,253,251,276,124,480,280,43,155,145,52,16,280,276,3.0,97.8,0
3462040,Pandora  F.C.,274,93,0,101,43214,490,115,357,247,72,370,251,393,272,257,280,154,432,330,480,251,490,1.3,99.8,0
3484792,الشنانه,274,66,0,101,596,468,267,357,115,164,251,18,459,275,257,280,136,156,209,52,280,251,0.3,101.0,0
3486760,Team trøkk,274,63,0,101,370,468,267,245,330,233,432,393,223,253,280,437,445,145,480,4,280,223,2.7,98.3,1
3313720,kupur barus,274,68,0,116,410,260,247,286,267,253,251,432,393,480,280,151,136,427,56,138,280,253,0.2,101.2,0
577231,TheConkeyDong,273,62,0,117,331,213,359,357,267,115,251,459,253,126,257,151,47,72,433,305,251,253,0.0,100.9,0
1076,Ji-Sung Park the Bus,273,57,0,118,122,260,247,286,267,393,253,251,433,280,151,417,155,145,56,335,280,253,0.3,101.0,1
102648,oohareya,273,57,0,118,122,260,247,115,267,433,125,253,393,251,280,348,454,142,189,145,253,280,0.0,101.8,0
685092,Citizen Kane,273,52,0,118,45,260,247,357,267,251,253,18,393,458,151,280,400,145,138,189,280,253,0.0,101.3,2
1137764,Yeashafi,273,64,0,118,484,468,115,262,359,276,164,124,251,370,417,280,328,437,247,145,280,417,0.4,100.8,0
1924400,Tig Bitties,273,83,0,118,14106,260,115,220,357,247,459,253,365,274,417,280,329,142,189,55,280,253,0.0,100.8,0
2608167,AliFab FC,273,62,0,118,370,400,115,330,142,304,433,253,459,251,151,280,490,265,49,480,280,253,0.0,100.9,0
5608,Matthew SC,273,78,0,124,6903,260,291,267,247,393,370,251,253,392,45,280,190,480,95,145,280,253,0.1,101.7,1
55609,The Garlanticos,273,76,0,124,4908,24,286,247,267,302,253,276,251,45,280,480,25,95,145,56,280,253,0.0,101.4,0
171013,NIE MA NIC ZA DARMO,273,70,0,124,1654,260,267,247,72,182,393,251,253,370,45,280,25,151,145,335,280,253,0.6,100.9,1
193733,hierspieltdiemusik,273,74,0,124,4015,260,267,157,247,246,125,253,393,480,280,43,24,391,28,199,280,253,0.1,101.3,1
220068,Obesiteam,273,58,0,124,157,445,267,247,357,433,251,253,276,393,45,280,400,145,335,189,280,253,1.5,99.7,1
399915,Coolio Fc,273,63,0,124,451,468,247,357,267,286,27,76,253,18,280,417,24,151,150,182,280,417,0.4,100.4,1
400181,Championees,273,70,0,124,1914,445,115,247,267,433,393,253,251,280,43,177,47,142,145,56,253,280,1.0,100.7,0
654756,Wadiyatalkinabeet,273,52,0,124,39,24,247,267,286,27,253,251,393,276,22,280,190,145,167,209,280,253,0.4,101.1,1
1034430,MT XI,273,74,0,124,3584,454,220,247,72,393,302,251,184,280,257,151,2,357,456,335,280,251,0.3,100.4,0
1134404,Bangstreet Boys,273,53,0,124,52,400,267,141,247,251,393,253,370,280,45,177,454,29,131,145,280,253,0.3,100.7,0
1491986,GirlsTeam,273,48,0,124,16,260,267,247,357,150,251,393,432,257,280,45,490,142,145,478,280,257,0.1,100.7,0
1887060,rodders utd,273,55,0,124,88,282,267,330,115,28,251,256,393,480,280,43,24,295,338,9,280,393,3.1,97.9,1
2130850,Show me the Mane,273,66,0,124,872,468,267,247,286,459,302,125,253,433,280,45,24,28,151,425,280,468,1.8,99.2,0
2533165,AFC Bungle,273,48,0,124,19,260,247,115,72,393,271,251,302,43,280,151,490,484,339,4,280,393,1.0,100.0,0
2751271,isaacs team,273,67,0,124,1052,351,267,378,115,247,251,253,432,393,280,151,25,145,56,210,280,251,0.4,101.0,1
3266846,Ruicjy Rovers,273,57,0,124,134,468,115,247,357,113,18,184,393,164,257,280,154,72,225,417,280,257,1.4,99.5,0
1024407,Lallana’s in pjyamas,273,57,0,140,59,468,247,115,267,276,233,182,251,480,417,280,25,295,32,428,280,417,0.3,100.8,0
3420567,First week winner,272,59,0,141,233,490,247,162,267,355,393,365,251,234,280,417,24,317,32,187,280,234,2.3,98.0,0
241202,CHÈ ĐÙI,272,56,0,142,134,468,247,267,115,233,172,459,251,393,280,417,498,506,151,138,251,280,0.4,101.4,0
249342,Michael Schmeichel,272,71,0,142,2408,400,286,247,267,393,276,253,251,45,280,480,445,138,145,131,280,253,0.2,101.0,2
821181,Sarilicious,272,59,20,142,233,490,267,378,247,251,393,433,276,253,280,417,445,437,142,145,280,276,0.0,101.5,6
962932,Sarri Ball,272,59,20,142,233,490,267,378,247,251,393,433,276,253,280,417,445,437,142,145,280,276,0.0,101.5,6
1903715,Mighty MyThor,272,55,0,142,109,498,247,267,286,392,276,253,251,393,280,480,155,95,142,109,280,251,0.9,100.4,2
2363121,KSA Spartans,272,85,0,142,23305,468,247,267,330,276,122,391,253,433,280,480,24,327,334,310,280,468,0.0,101.2,0
3073080,Foxley Reds,272,54,0,142,88,468,247,115,357,28,393,251,365,433,280,43,25,151,4,300,280,468,0.8,100.2,0
3296558,zehire,272,61,0,142,370,260,142,247,267,253,182,172,251,480,280,417,445,145,95,435,280,253,0.0,100.9,1
4149084,gar123,272,80,0,142,11699,498,267,357,115,433,251,458,18,480,257,280,329,150,506,142,280,257,0.0,101.1,0
35335,Bacon Sandwich,272,59,0,151,264,400,357,267,157,115,392,253,393,151,280,417,454,432,150,138,280,253,1.1,99.6,1
96819,NMT FC,272,71,0,151,2408,400,286,267,247,393,251,276,253,480,280,45,445,95,145,56,280,253,0.1,101.7,1
513532,Adomy,272,60,0,151,314,154,267,247,115,253,251,391,459,393,417,280,47,330,95,189,280,253,0.6,101.1,1
549389,England Tegar,272,73,0,151,3584,490,247,267,286,253,393,251,370,151,280,45,445,95,56,145,280,253,0.1,101.4,1
614546,Rat pack,272,55,0,151,109,498,247,267,115,393,391,302,251,280,257,45,400,433,409,335,280,393,1.8,99.4,0
1251589,Forzajuve,272,63,0,151,542,445,247,262,267,393,370,251,253,151,45,280,25,330,131,140,280,253,0.8,100.2,0
1557952,Attack from the rear,272,72,0,151,3336,260,113,115,267,247,246,253,125,302,151,280,25,182,189,56,280,253,1.0,100.0,0
1629360,Osvežujoče,272,59,0,151,264,468,115,291,267,18,253,393,126,432,280,417,136,142,12,209,280,253,1.2,99.5,1
1664939,Itdidntcomehome,272,63,4,151,542,468,357,247,267,393,253,391,276,304,417,280,47,72,488,427,280,468,0.4,100.6,2
1887825,Game of Throw-ins,272,64,0,151,596,468,245,115,267,276,253,304,393,432,305,280,24,145,480,28,280,253,0.2,100.7,0
2693083,For Fuchs Sake,272,53,0,151,77,260,115,267,286,247,253,126,393,251,280,417,454,145,347,410,280,251,0.4,101.0,2
2866870,UTCIAD,272,65,0,151,750,260,247,267,141,356,253,251,370,459,45,280,454,145,56,151,280,253,0.3,100.7,0
2898586,Wakanda team,272,63,4,151,583,154,115,72,247,267,251,391,253,393,280,151,191,332,209,131,280,251,0.9,100.2,3
2954394,no Salah no Mane,272,65,0,151,750,282,72,267,247,253,393,276,251,43,280,480,25,145,82,52,280,253,0.8,100.5,0
2969805,Enter Shaqiri,272,91,0,151,41170,468,70,115,246,164,433,253,459,480,280,372,439,428,32,17,280,372,0.3,100.5,0
3008874,Double O Severn,272,51,0,151,39,260,247,267,221,393,253,251,432,417,151,280,155,145,138,131,280,253,0.4,101.0,1
3371095,Voi Football Club,272,67,0,151,1135,445,267,247,291,393,251,370,253,151,45,280,400,95,145,167,280,253,0.3,101.1,0
3371416,bæsj,272,67,0,151,1253,260,247,267,357,253,432,251,126,417,280,151,136,167,312,427,280,253,0.3,100.7,0
4024745,Feeling Grealish,272,54,0,151,78,260,247,267,145,380,253,251,432,393,280,417,155,71,512,151,280,260,0.3,101.1,0
4042357,All the Smallings,272,68,4,151,1528,400,267,247,355,253,393,251,300,43,151,280,445,145,167,95,280,253,0.4,100.9,2
4473641,CR > Messi,272,66,0,151,947,468,267,357,115,245,433,251,126,122,280,305,509,273,145,189,280,468,0.3,100.8,0
2867838,Milinari,272,54,0,172,37,154,247,115,267,251,126,433,253,393,417,280,25,140,145,151,280,253,0.6,100.7,0
129989,Greenhouse Cavite,272,72,0,173,749,88,267,245,357,393,253,251,276,177,417,280,25,433,145,93,253,251,0.4,101.1,1
68472,Sexy like Pepsi,271,59,0,174,278,260,115,286,267,247,459,253,393,251,151,280,190,433,43,145,280,253,0.1,101.9,1
2865511,Obilic,271,63,0,174,596,260,267,246,286,355,124,18,122,164,480,280,154,312,126,151,280,122,0.5,100.7,0
3316024,Ivory Toast,271,64,0,174,750,400,286,267,247,251,370,253,393,151,280,45,445,167,145,95,280,253,1.0,100.3,0
3962224,AktionAktionAktion,271,88,0,174,34019,400,247,378,267,357,253,254,125,277,372,280,454,145,131,480,253,372,0.0,100.9,0
4131296,ZZ Top,271,78,0,174,9330,468,115,357,31,184,251,276,433,126,23,280,400,284,175,138,280,23,0.0,100.2,0
48474,Brazellians,271,68,0,179,1654,445,267,247,116,253,251,40,393,480,151,280,2,433,145,335,280,253,1.0,100.4,2
638311,Galacticos,271,60,0,179,331,282,267,72,115,247,253,370,393,251,280,45,25,183,145,189,280,253,0.0,101.4,1
932015,YNWA,271,57,0,179,198,490,267,115,247,393,276,251,253,327,280,43,1,433,141,145,280,253,0.6,101.2,1
1186216,Mo Salah Blues,271,66,0,179,1135,468,247,286,267,72,253,393,276,40,280,417,400,480,432,192,280,253,0.5,100.4,0
2175987,FC 3HUNNA,271,68,0,179,1914,454,267,247,286,253,150,393,251,151,417,280,190,145,410,54,280,253,0.9,100.7,1
2920204,Smithies Stars',271,58,0,179,233,260,267,247,286,393,253,251,433,151,480,280,155,142,145,183,280,251,0.9,100.6,0
3013734,TooBigForThisLeague,271,71,0,179,3336,260,247,115,246,433,302,253,393,417,280,480,179,145,28,56,280,393,2.0,99.3,0
3523447,4rsenal,271,66,0,179,1135,468,357,115,267,251,433,393,253,280,151,45,400,28,145,56,253,251,0.3,101.0,1
138683,Atherton FC,271,56,0,187,183,468,286,267,357,115,251,253,393,276,280,45,190,95,410,109,280,253,0.8,100.5,1
1119981,Shaw Mee your arce,271,62,0,187,484,490,115,357,247,267,253,251,76,124,45,280,25,103,145,209,280,124,0.4,100.7,1
1224032,�Hasta laVictoria�,271,74,0,187,4908,400,267,247,28,393,253,251,370,417,45,280,329,145,383,132,280,251,0.0,101.0,0
1619429,The Vardy Boys,271,84,0,187,23305,260,357,246,115,253,433,459,251,447,305,280,329,91,480,382,280,251,0.4,100.3,0
1632194,Raasclart F.C.,271,57,0,187,217,260,267,115,247,458,251,253,393,280,151,417,400,145,131,95,280,253,0.0,101.4,0
2724038,Red Devils AGS,271,68,0,187,1914,260,267,247,220,253,432,251,393,480,417,280,136,427,56,138,280,417,0.0,101.4,1
3011089,GBarnes Utd,271,50,0,187,45,282,115,355,247,251,459,302,393,43,280,257,490,433,28,4,280,257,0.9,100.8,1
3101956,forma,271,69,0,187,2264,490,355,247,115,267,433,253,365,393,280,151,468,28,56,189,280,253,0.3,100.8,0
3638909,ciyaalka xaafada,271,51,0,187,59,468,27,332,381,393,253,251,433,280,45,417,454,265,184,9,280,251,1.4,99.2,0
3735252,The Banana Bunch,271,63,0,187,596,260,286,247,115,356,59,253,393,432,40,280,136,480,142,258,280,253,1.0,99.9,1
4532997,Ca5ino Royal,271,78,0,187,10097,351,246,357,267,115,220,251,276,125,372,177,468,433,17,437,372,177,0.5,100.6,0
1343548,How I Met Your Mata,271,66,0,198,542,260,247,157,267,253,251,393,391,151,280,417,136,145,56,95,280,251,0.5,101.3,1
2223872,Well Heung (Min Son),271,74,0,198,2408,400,115,247,267,393,364,251,432,480,280,257,47,53,180,412,280,400,1.2,99.8,1
2638145,Saiponks,271,71,0,198,1528,468,286,267,115,475,253,433,251,480,417,280,155,265,182,95,280,253,0.4,100.9,1
2825976,Team 05,271,60,0,198,157,468,72,357,115,156,251,253,393,327,280,177,454,478,28,387,280,177,0.4,100.5,0
3970246,Manang Banyak,271,71,4,198,1357,445,267,247,291,145,253,370,251,393,151,280,400,45,167,95,280,253,0.1,101.0,2
769491,northdown city,270,54,0,203,122,468,115,72,267,113,433,251,393,253,417,280,400,28,189,56,280,253,0.1,101.2,1
3049833,Myattome Wanders,270,62,0,203,596,400,72,247,267,253,276,251,393,151,280,480,445,145,56,138,280,253,0.0,101.4,0
162346,E-S-E-T,270,61,0,205,542,328,267,247,145,276,393,251,432,253,280,480,373,45,335,95,280,267,0.0,101.0,0
598902,Mo Mo Salah *-*,270,73,0,205,5442,260,267,115,247,18,253,393,391,480,417,280,155,447,95,145,253,280,1.9,99.5,0
1675571,Wilsons whackers,270,77,0,205,9330,468,72,357,115,302,184,433,253,18,417,280,400,480,427,460,280,253,0.9,99.9,1
2619208,UEFAlona,270,55,0,205,157,260,72,247,357,253,393,251,433,151,280,417,307,145,182,95,280,253,0.4,100.7,0
1637,The Beach Boys,270,56,0,209,198,400,115,247,267,459,253,393,251,280,417,437,454,265,56,145,280,253,0.1,101.6,1
92615,avishekYNWA,270,67,0,209,1654,154,247,267,357,253,251,393,370,280,45,151,136,145,167,95,280,253,0.2,101.1,0
169524,Hard to Beat,270,55,0,209,157,400,245,357,115,393,18,251,276,253,280,151,136,145,189,335,280,400,0.4,100.6,0
281033,Underdog,270,55,0,209,157,260,247,267,286,432,393,253,251,125,151,280,454,332,145,189,280,253,0.1,101.5,1
313463,mind_the_flow,270,68,4,209,2072,498,247,267,286,251,370,276,253,393,45,280,155,145,209,335,280,267,0.0,101.5,2
329827,SILENCE KFI030214,270,50,0,209,52,260,115,70,247,393,365,40,251,280,417,43,47,465,265,28,280,251,0.6,100.8,0
363998,KENDALLS CLOWNS,270,55,0,209,157,282,247,267,116,286,393,253,276,251,45,280,155,56,145,109,280,253,0.0,101.3,1
454347,Anonimowi,270,57,0,209,233,260,246,142,286,267,378,167,253,251,280,396,25,295,131,189,280,251,0.0,101.1,0
756549,Egyptian king,270,71,8,209,4015,468,247,267,115,433,393,253,459,45,280,417,400,150,142,4,280,253,0.1,101.0,3
776128,I kante be beat,270,58,0,209,278,445,221,246,267,251,370,393,253,391,280,236,400,45,141,145,280,253,0.1,101.6,1
874280,chocolate bear,270,51,0,209,72,260,247,72,267,149,393,253,251,417,280,151,25,28,145,433,280,253,0.0,101.4,1
974416,Rash Guda F.C,270,72,0,209,4615,260,145,357,72,253,18,251,433,43,280,257,25,53,56,31,280,253,0.0,101.0,0
992269,Van Nijenrodeweggers,270,69,0,209,2697,445,247,219,267,276,253,251,393,370,280,45,400,141,145,189,280,253,0.5,101.0,1
1209943,Heresjonny,270,63,0,209,872,468,245,267,115,251,276,370,459,393,280,372,136,145,209,52,280,370,0.2,101.3,1
1294104,RKSV Henk,270,66,0,209,1357,213,267,247,115,393,124,304,251,253,280,43,25,32,511,189,253,280,0.0,101.3,0
1609059,Teeds United,270,58,0,209,278,400,247,267,27,251,253,393,433,151,280,417,24,18,332,145,280,253,0.0,101.6,1
2565400,�,270,67,0,209,1654,468,267,115,72,393,276,370,251,43,280,152,400,125,245,28,280,370,0.1,101.2,1
2972297,Tumbler Squad,270,74,0,209,6527,468,246,267,247,40,276,393,122,480,280,151,47,357,224,142,280,267,1.8,99.3,1
3132675,Real D,270,61,0,209,583,445,27,72,267,172,364,251,122,458,280,43,468,348,430,331,280,251,0.0,100.8,0
3177977,Trepni,270,78,0,209,10655,400,291,267,247,251,370,253,393,480,280,151,445,145,167,95,280,253,0.9,100.7,0
3203076,Öl,270,64,0,209,1052,468,247,267,357,391,253,432,40,393,280,151,190,286,480,292,280,468,0.3,100.9,0
3614956,MANUTD,270,75,0,209,6903,445,267,291,247,393,251,253,370,280,151,45,400,95,145,167,280,253,0.4,101.1,1
4116663,Shining Lights,270,61,0,209,484,260,247,357,267,253,251,393,432,151,280,45,190,145,519,140,280,253,0.3,101.2,0
39522,-ROCK SOLID-,270,75,0,232,4015,260,247,246,267,162,253,393,410,480,280,177,25,295,56,145,280,393,0.3,101.1,0
234471,Pitch Hill FC,270,66,0,232,693,400,286,247,267,253,391,251,393,45,280,151,445,145,167,332,280,253,0.3,101.1,1
490708,Okunka11,270,72,0,232,4883,468,357,267,247,115,276,253,433,393,151,280,422,131,45,145,280,253,1.5,99.8,1
1032437,Keet's Elite,270,71,0,232,1654,445,247,267,286,432,251,253,393,480,45,280,24,142,145,131,280,253,0.3,101.1,0
2901763,"White Army, MOT",270,64,0,232,1126,468,115,246,286,267,357,253,459,393,302,280,136,151,126,347,280,302,0.0,101.0,1
3581333,FC RAJ,270,66,0,232,1637,400,267,247,286,251,253,370,393,280,258,417,24,95,167,145,280,253,0.5,101.1,0
4007255,Sam's Team,270,70,4,232,1528,490,267,247,286,393,302,253,251,225,151,280,47,437,95,145,253,280,0.6,100.6,2
1779982,efci fc,269,52,0,239,100,260,286,267,221,393,233,251,370,417,372,280,24,99,145,427,280,372,0.3,100.4,0
3259651,Chaps Association,269,76,0,239,9330,154,357,220,115,262,253,125,393,257,480,280,25,433,126,28,280,257,0.3,100.6,2
521521,Mamuter F.C.,269,65,0,241,1528,445,247,72,267,219,253,393,370,251,45,280,400,167,151,145,280,251,0.0,101.2,1
630214,Max²,269,66,0,241,1654,260,357,247,267,253,393,433,365,437,177,280,490,507,245,93,280,365,0.5,100.6,0
809923,PJ AllSTARS,269,55,0,241,198,260,267,247,286,393,253,18,251,480,151,280,155,332,56,145,280,253,1.4,100.1,0
873115,Barberloa FC,269,70,0,241,3584,400,286,267,247,276,253,251,125,480,280,177,24,95,145,131,280,253,0.0,101.2,0
2144103,"Me, my Delph and I",269,70,0,241,4015,260,359,247,115,253,433,393,251,280,480,417,47,32,339,195,253,251,0.5,100.8,2
2410401,Avengers XI,269,40,0,241,9,445,115,286,221,393,251,364,125,432,280,257,24,151,145,49,280,364,1.1,99.8,1
14097,2 Girls 1 Schlupp,269,71,4,247,4231,400,142,247,267,393,253,251,370,276,280,45,24,145,335,189,280,267,0.5,100.9,2
64137,Kad Jaganjci Uskisnu,269,81,0,247,19670,468,113,267,247,433,122,393,253,280,480,45,190,145,483,131,280,122,0.1,101.0,1
583919,aKim_LFc,269,54,0,247,183,468,115,262,27,433,458,251,365,40,280,257,351,357,113,189,280,251,0.0,101.1,1
630616,Tarbarcelona,269,58,0,247,331,400,247,286,267,253,276,393,251,280,417,480,445,145,28,56,280,253,0.5,101.0,0
639615,Global Elite,269,75,0,247,8051,135,356,247,267,253,251,393,432,280,480,417,137,378,145,56,280,253,0.5,100.9,1
1036526,Lokomotiv Lilje,269,67,0,247,2264,260,357,247,267,251,459,393,253,177,280,305,155,145,56,52,280,253,2.4,99.0,1
1539587,Crvena Zvezda SRB,269,83,0,247,26246,468,4,357,115,262,370,393,253,257,280,480,136,433,413,140,280,253,1.0,99.8,0
1549914,Dathomir F. C.,269,67,0,247,2072,400,286,267,247,251,370,253,393,45,417,280,445,95,167,145,280,253,0.2,101.1,0
1654095,thenorfolkimp,269,63,0,247,1052,351,247,72,267,276,253,433,251,458,280,437,445,52,30,493,280,253,1.5,99.6,0
2111123,felfela__Ahlawy74,269,70,0,247,3584,468,247,357,267,253,40,393,275,280,177,45,400,131,464,145,280,253,0.5,100.6,0
2489134,Morgan Slidin' In,269,68,0,247,2408,260,247,267,286,138,432,253,251,393,151,280,136,480,56,427,280,260,0.2,101.1,0
3126668,Brunton Babes,269,54,8,247,183,260,247,267,357,459,433,253,251,393,280,437,454,151,116,145,280,253,0.2,101.3,3
3152070,New World Order,269,75,0,247,8794,490,357,115,247,253,393,365,233,417,151,280,155,335,494,218,280,417,1.0,99.8,0
3621036,AVENGERS XI,269,81,0,247,19670,260,357,115,72,253,433,393,364,280,480,437,136,265,459,28,280,253,0.3,100.7,0
3819172,FC CF,269,49,0,247,59,213,267,247,29,251,393,253,276,417,280,45,24,56,138,53,280,253,0.0,101.1,0
4305675,Jay FC,269,83,0,247,26246,282,357,115,267,253,478,433,275,480,43,280,136,334,56,428,280,253,4.9,96.0,1
4539863,Elalfy,269,63,0,247,1052,445,115,247,267,182,253,251,393,43,280,45,400,95,145,167,253,280,0.3,100.9,1
47325,Supersonic FC,269,57,0,264,122,400,27,246,267,393,433,251,253,23,280,258,445,182,95,145,280,253,0.1,101.7,1
438832,welaah welleee,269,65,0,264,1637,24,247,262,115,124,251,253,393,280,43,236,191,138,310,56,280,253,0.1,101.1,1
622892,Locusts,269,69,0,264,1357,400,378,267,247,253,125,251,393,480,280,45,454,432,138,145,280,253,0.1,101.8,1
639556,toTi fC,269,47,0,264,38,88,90,29,115,253,393,251,459,419,417,280,24,221,18,313,280,253,0.0,101.3,2
890626,comeback szn,269,44,0,264,21,490,142,267,286,276,40,251,393,253,151,280,328,247,145,189,280,253,0.6,101.0,1
916029,Elcapitano,269,69,4,264,1528,468,115,286,357,262,124,253,251,393,280,305,25,189,140,518,280,286,0.3,100.5,2
4200685,Team Litela,269,61,0,264,278,400,247,267,145,291,393,251,253,370,151,280,445,95,45,167,280,253,0.3,101.1,0
101305,"Mo Kane, No Gain.",269,63,12,271,78,400,247,267,162,219,251,253,393,276,417,280,445,391,145,189,280,267,0.0,101.6,4
2613434,Denman's A Tory,269,55,0,271,98,468,115,267,72,70,393,253,251,433,280,234,454,459,145,209,280,253,0.0,101.5,0
343368,Amrmsoud,268,69,0,273,3584,468,357,115,267,393,253,251,391,276,43,280,136,145,427,189,253,280,0.4,101.2,2
626313,The nightman cometh,268,38,0,273,6,351,267,286,116,233,370,251,393,134,257,280,490,29,245,182,280,267,0.0,101.1,0
761302,Ebusuapanyin K.Annan,268,71,0,273,4908,468,115,267,286,253,251,125,459,274,417,280,136,140,151,427,280,253,0.0,101.1,1
887876,Boca Seniors,268,68,0,273,2891,445,247,115,267,459,256,276,253,393,280,417,47,480,145,52,280,253,0.5,100.9,0
1158004,Bishal,268,65,0,273,1654,400,247,286,267,253,393,251,276,417,45,280,445,138,145,56,280,253,1.5,100.2,1
2243461,Wootown Wanderers,268,52,0,273,122,260,247,267,286,253,251,125,393,280,45,417,136,145,56,28,280,253,0.5,100.9,0
3436641,Moaning Skrtel,268,70,0,273,4231,154,247,357,267,125,253,432,393,280,151,417,155,145,332,370,280,253,0.0,100.8,0
3633767,Real Hazios**,268,58,0,273,410,400,267,247,28,233,253,393,251,280,480,417,445,145,142,56,280,253,0.5,100.8,0
3846896,yorks fc,268,64,0,273,1357,445,115,267,247,393,447,253,251,370,280,45,400,215,70,209,280,253,0.0,101.2,0
3940515,ROTEEiNTER,268,79,0,273,15913,468,115,357,247,330,253,391,271,365,258,396,498,331,123,235,115,468,1.0,99.3,0
29573,Wakanda,268,53,0,283,157,282,247,115,267,355,251,276,393,257,280,177,328,378,433,56,280,251,0.0,101.6,0
41923,Show Me The Mane,268,62,4,283,947,445,267,247,27,251,253,393,276,45,480,280,454,138,183,145,280,253,0.0,101.3,3
427153,Inflated Balls,268,68,0,283,2891,24,115,247,267,251,432,253,393,151,480,280,155,145,56,427,253,280,0.3,101.1,0
745990,Mané M'Jeff 20,268,57,0,283,331,400,267,247,357,253,393,276,251,392,280,151,136,145,189,332,280,253,0.4,100.9,1
847646,Stick with me,268,67,0,283,2408,400,245,267,357,253,251,276,393,480,45,280,445,145,392,138,280,253,0.3,100.9,0
3104406,ChakAttack,268,65,0,283,1914,154,245,357,267,364,253,393,276,40,45,280,136,480,145,140,280,253,0.8,100.1,0
3132821,Plug FC,268,61,0,283,872,154,115,72,247,267,253,393,276,251,280,45,136,145,56,189,280,253,0.5,100.9,0
3338093,Elfalogy,268,78,0,283,15163,468,4,267,115,225,253,433,251,480,280,177,400,145,96,56,251,267,2.0,99.3,0
3887642,Ranga FC,268,68,0,283,2891,468,115,267,246,145,302,459,253,393,280,417,47,264,433,437,253,280,0.4,100.9,0
4516169,You Mad Bro ?,268,59,0,283,484,282,247,267,115,253,393,251,433,45,280,151,422,96,126,335,280,267,0.3,100.9,0
17065,Tonza Utd,268,45,0,293,30,260,246,70,267,393,253,432,251,433,437,280,24,151,28,138,280,253,0.2,101.1,0
109240,Diving FC,268,53,0,293,157,260,115,357,28,253,251,393,433,45,257,280,25,145,56,140,280,253,0.4,100.8,0
119405,Christians picks,268,65,0,293,1654,351,246,267,247,357,393,459,251,258,22,280,454,265,507,184,280,351,1.8,99.3,1
140886,Being Arnautovic,268,54,0,293,198,260,247,267,356,253,393,251,40,280,417,45,179,433,95,145,280,253,0.5,101.2,1
214227,Buckley's  Bumbas,268,52,0,293,154,260,245,286,267,115,18,251,393,253,391,280,136,28,86,209,280,253,1.3,100.2,0
355495,Tourette’s United,268,66,0,293,2264,260,115,247,220,459,251,393,253,396,280,480,454,458,195,463,251,253,0.0,101.2,0
525343,Tobias & pappa,268,58,0,293,451,468,267,286,357,251,253,276,393,433,45,280,155,145,109,52,280,253,0.4,100.9,0
605831,Ayew ready?,268,67,0,293,2697,154,72,115,246,393,391,251,253,43,280,417,25,142,131,332,253,280,0.5,100.4,1
927203,Frensurin,268,52,0,293,154,260,115,286,246,267,393,251,253,433,177,280,136,199,189,145,280,253,0.9,100.5,0
1027685,Ryckets pågar,268,64,0,293,1528,468,357,267,246,253,272,297,390,391,396,280,154,484,138,151,280,267,1.2,99.4,1
1067637,Give it to Kane,268,71,0,293,5442,260,312,115,247,267,251,433,370,372,280,151,439,358,478,56,280,251,0.3,100.9,1
1488004,VOLGARE,268,95,0,293,87753,24,313,115,357,251,253,40,124,257,45,480,474,391,378,381,253,251,0.9,100.0,0
1825420,Chuff Chuff,268,54,0,293,217,400,247,267,72,251,253,393,40,45,280,177,445,433,145,95,280,253,0.5,100.8,1
2027019,Ruudinators,268,56,0,293,278,400,247,267,221,253,432,251,276,393,280,151,445,145,189,52,280,253,0.3,101.1,0
2074318,Alisonisagirlsname,268,57,0,293,331,260,116,267,247,393,253,251,125,480,417,280,454,95,56,145,280,253,0.0,101.6,0
2228802,Chickn Tikka MoSalah,268,52,0,293,134,154,115,246,267,393,253,276,433,251,417,280,136,28,189,145,280,267,0.4,101.0,1
2365477,Radioactive Man,268,59,0,293,484,260,247,267,115,432,253,393,251,98,280,151,445,483,145,189,280,253,0.0,101.6,1
2804498,Beating Lee AGAIN,268,60,0,293,596,445,247,286,267,253,251,393,276,151,43,280,136,116,145,56,280,253,0.9,100.7,1
3062067,ligma,268,60,0,293,693,400,291,267,247,145,251,393,370,253,280,151,445,95,126,45,280,253,0.0,101.2,1
3236720,Sarri not Sarri,268,56,0,293,278,260,247,28,267,393,253,432,251,45,280,417,155,459,145,330,253,280,0.1,101.6,1
3403212,Palakkad FC,268,61,0,293,750,400,357,267,247,253,251,370,393,45,151,280,445,167,145,95,280,253,0.3,101.1,0
3499649,JRF FC,268,65,0,293,1914,468,220,246,115,427,253,411,393,177,280,417,155,367,126,142,280,253,0.1,100.4,1
3585288,AK11,268,67,0,293,2408,260,247,355,72,253,251,393,370,45,280,151,136,28,56,140,280,253,0.0,100.9,0
3585344,Whisky Jagger,268,81,0,293,20601,260,357,115,247,251,253,272,318,280,480,417,47,27,56,192,280,253,0.0,101.2,0
3750736,Rayleigh City,268,67,0,293,2408,445,247,355,267,370,253,251,393,45,280,151,400,145,167,95,280,253,0.3,101.1,1
3958646,**huSSen**,268,58,0,293,410,260,247,71,115,391,253,393,251,151,85,280,445,413,138,93,280,253,0.6,100.5,0
4334043,My Fantasy II,268,53,4,319,72,260,247,267,113,433,251,393,253,432,43,280,155,145,189,52,280,253,2.0,99.7,2
342807,Lakinators Fc * *,268,59,0,320,276,468,267,357,27,150,251,276,253,393,417,280,25,95,145,209,280,253,0.0,101.3,0
49320,Mes Que Un Team,267,63,0,321,1357,260,262,115,247,125,251,253,459,410,280,45,422,333,430,151,280,253,0.5,100.5,0
4308339,Ajaxtreesdown,267,66,0,321,2408,282,72,267,115,246,253,393,251,459,480,280,136,145,433,349,253,280,0.0,101.5,0
44567,Bayern Bru,267,55,0,323,278,400,267,247,286,393,276,253,251,124,280,43,445,378,189,145,280,253,0.9,100.9,2
170281,PLÄP FC,267,50,0,323,100,260,267,115,247,433,253,393,370,251,280,177,136,28,145,209,280,260,0.0,101.7,0
307462,Spursss,267,63,4,323,1357,260,145,247,267,253,370,251,393,151,43,280,155,182,332,138,280,253,0.9,100.6,3
528905,Darzaldinho Utd,267,67,0,323,2891,400,162,267,247,276,251,393,253,280,417,480,445,56,332,145,280,253,1.4,100.1,2
817820,Vučiću pederu,267,70,0,323,4908,400,245,115,267,253,251,393,433,480,280,151,328,297,145,28,253,393,0.4,101.2,0
880034,Ashes of Phoenix,267,58,0,323,542,400,115,267,28,251,433,253,393,257,280,417,329,131,427,145,280,253,0.7,100.7,1
1302753,Mo Salah,267,73,0,323,8794,260,267,72,220,253,433,393,251,391,45,280,454,138,480,332,280,253,0.4,100.8,0
1429908,I've Arrived (1),267,50,0,323,109,400,267,247,291,393,253,251,276,167,417,280,445,45,145,95,280,267,0.0,101.2,0
1686957,Barack Oubameyang,267,60,0,323,750,260,247,70,267,251,459,253,393,18,280,417,190,480,95,145,280,253,0.0,101.6,0
1856188,Pique Blinders,267,62,0,323,1135,154,267,115,70,253,433,251,393,480,417,280,400,195,28,456,280,253,0.2,101.0,1
2144681,DieV,267,80,0,323,23305,260,247,113,28,357,253,251,276,433,459,280,454,330,437,327,253,251,0.0,101.3,1
2325015,Goose’s 420Goslings,267,60,0,323,872,400,245,357,115,124,251,391,302,280,151,257,24,28,393,145,280,251,0.5,101.0,2
2822126,Cool Alley IV,267,80,0,323,20601,445,247,357,267,122,251,432,364,280,45,480,454,145,56,138,280,251,0.7,100.2,2
2846065,FC Koskla,267,55,0,323,278,445,247,4,267,251,370,393,253,280,151,45,400,95,433,145,280,253,0.0,101.3,1
3020076,FC South East,267,65,0,323,2264,468,247,357,115,276,253,365,393,280,151,189,136,131,427,196,280,253,0.4,100.2,1
3605320,hajooomulli,267,62,0,323,1253,260,72,267,247,432,253,393,251,480,280,151,155,145,95,131,280,253,0.2,100.9,2
4325956,YNWA,267,57,0,323,410,468,357,115,4,267,251,13,393,177,280,257,136,145,131,459,280,177,1.0,100.3,1
4450067,clarksafc,267,69,0,323,4615,260,246,247,357,115,459,433,253,231,280,151,154,265,435,419,280,260,0.3,100.5,2
65597,ITSCOMINGHOME FC,267,58,4,341,484,445,267,247,28,433,251,393,253,276,280,417,400,151,145,95,280,251,0.0,101.6,2
104626,my choice,267,56,0,341,370,282,221,72,378,364,253,251,393,40,417,177,135,151,28,145,253,417,0.0,100.6,0
121420,MyTeamIsJonny's,267,60,0,341,750,445,267,247,286,393,253,276,251,45,280,43,400,182,145,138,280,253,0.8,100.5,1
180110,King kenny,267,59,0,341,693,260,247,267,356,253,302,40,393,280,257,43,155,145,335,56,280,253,0.0,101.5,1
240501,Polga Dots XI,267,67,4,341,2891,260,286,267,247,251,370,253,393,151,45,280,155,145,56,95,267,280,0.9,100.2,2
316242,itcamehome,267,67,0,341,3336,468,357,115,28,393,253,433,126,472,372,280,155,459,332,158,280,372,0.4,100.2,0
600538,Clockend Coconuts,267,53,0,341,217,445,267,247,357,459,253,370,393,251,280,177,400,95,145,189,280,393,1.5,99.9,0
756460,Knight's big champs,267,57,0,341,410,154,247,267,142,115,253,433,393,417,280,151,24,59,392,330,280,253,0.4,100.7,1
758199,Bonucci Gang,267,66,0,341,2408,400,267,247,72,253,251,393,432,480,280,45,328,427,131,145,280,253,1.4,99.8,1
777305,Ellison Heung-min,267,58,0,341,484,400,27,247,267,251,276,253,393,417,45,280,445,392,138,145,280,253,0.4,101.0,0
893205,On me Ederson,267,57,0,341,451,490,357,247,267,253,393,251,18,151,280,417,25,145,56,95,280,253,0.0,101.3,0
993616,FC Oldereide,267,56,0,341,331,260,267,247,291,253,251,393,233,151,280,417,190,95,131,145,280,253,0.0,101.2,1
1168840,Csaba Must Stay FC,267,48,0,341,65,260,247,286,267,253,251,393,125,151,280,417,190,145,138,56,280,253,0.4,101.2,1
1299095,Klopp & Robbers,267,55,0,341,278,400,357,247,267,253,251,184,393,280,417,151,445,410,145,335,280,253,0.0,101.3,0
1362191,Bayer Neverlusen,267,62,0,341,1135,468,267,245,357,393,122,433,251,480,280,417,213,478,312,506,280,393,1.0,100.3,1
1422268,MG You Beast,267,53,0,341,198,490,267,357,330,253,276,251,393,125,417,280,25,258,145,335,280,417,0.0,101.2,1
1437976,bLuE DyNaMoS,267,50,0,341,100,260,267,115,245,253,433,393,251,280,417,151,154,28,56,145,280,253,0.4,101.2,1
1439818,Unai Emery‘s Anus,267,72,0,341,7639,260,246,115,357,247,253,124,459,151,417,280,400,53,393,56,280,260,0.0,100.9,1
1671620,Les Blues,267,60,0,341,750,260,247,357,115,18,275,393,253,126,417,280,136,145,95,209,280,253,2.3,98.6,0
1773587,Rio,267,73,0,341,8051,282,145,357,247,253,164,251,393,280,480,45,155,425,196,478,280,253,0.3,100.6,0
1872257,Gaffer United,267,57,0,341,410,490,245,267,115,72,253,393,251,151,280,43,445,18,427,183,280,251,1.1,100.2,1
2430104,kantefinishlastagain,267,68,0,341,3584,260,247,267,356,253,432,251,393,480,280,151,136,145,427,56,280,253,0.2,101.2,0
2444820,FullFartFramåt,267,66,0,341,2408,400,247,286,267,251,253,276,393,151,280,480,454,131,195,145,280,253,0.8,100.4,0
2594289,Liverpool,267,73,0,341,8051,213,247,357,267,115,253,126,302,257,280,417,136,140,56,16,253,280,1.4,99.6,1
2702596,Blitzkrieg  89,267,67,0,341,2891,445,247,142,267,393,253,251,432,40,417,280,190,480,145,427,280,253,0.0,101.6,1
2822891,Furnley House Flyers,267,69,0,341,4231,468,70,267,247,391,253,275,393,480,280,43,155,28,149,145,280,253,0.4,101.1,1
3013776,Show me the Mané,267,70,0,341,5442,445,267,247,357,393,370,251,253,280,45,43,400,145,410,196,253,251,1.9,99.5,1
3016758,Lallana’s in Pyjamas,267,78,0,341,17119,468,357,115,330,220,253,251,459,458,122,280,25,145,189,347,280,122,0.0,100.9,0
3114981,Alterbeast,267,70,0,341,4908,400,291,267,247,251,370,253,393,45,280,151,445,95,167,145,280,253,0.3,101.1,0
3141633,"I'm Fàbregassed, Fam",267,70,0,341,4908,400,291,267,247,253,251,370,393,45,151,280,445,167,145,95,280,253,0.3,101.1,0
3291153,VnäS,267,55,0,341,278,468,267,312,115,126,253,393,251,417,280,151,136,145,52,56,280,253,0.3,101.0,0
3301121,Ynwa,267,51,0,341,134,454,357,115,247,275,251,433,393,59,257,280,136,151,145,427,280,251,0.0,100.9,0
3728014,Have it,267,60,0,341,872,351,115,357,267,28,253,251,18,393,151,280,25,215,189,339,280,351,0.0,101.3,0
3923587,The Kids,267,70,0,341,4908,400,291,267,247,251,370,253,393,45,151,280,445,95,167,145,280,253,0.3,101.1,0
4138331,Smith's Select,267,67,0,341,3336,260,115,145,357,247,253,393,125,43,280,305,400,265,339,478,280,260,0.4,100.5,0
4208167,yardoffsiders,267,65,0,341,2072,445,247,267,116,40,253,251,393,233,45,280,400,480,145,53,280,253,0.5,101.2,0
4477484,Stern des Südens,267,46,0,341,45,260,247,267,145,253,251,125,393,233,280,417,190,138,116,189,280,253,0.0,101.4,1
15911,FC Andara,267,66,0,378,1253,260,267,141,247,393,251,370,253,417,45,280,155,433,95,145,280,417,0.0,101.7,1
829679,SkinnyPete,267,44,0,378,13,490,28,267,72,253,276,432,251,393,417,280,445,472,145,138,280,253,1.4,99.5,0
1063244,Adabar FC,267,55,0,378,134,468,247,330,221,48,302,393,253,459,280,417,191,295,145,209,280,295,1.2,99.8,0
2485275,5 Cantona's,267,58,0,378,233,400,247,145,267,433,253,276,251,393,417,280,445,45,138,425,280,253,0.3,101.0,0
2534731,last orders,267,59,0,378,278,490,145,247,267,253,364,393,276,251,396,280,155,189,95,427,280,364,0.2,101.2,0
3018357,Bats FC,267,63,4,378,1637,260,357,115,72,247,18,459,253,393,257,280,154,48,126,86,280,253,0.5,100.5,2
3473134,The Gyarah,267,84,0,378,20601,445,267,291,247,393,253,251,370,45,280,151,400,95,145,167,280,253,0.3,101.2,1
3985526,OldBoysCarlow,267,77,0,378,8794,260,247,267,291,378,370,253,393,251,280,151,155,189,147,145,280,253,0.7,100.8,0
636749,No Pain No Kane,267,74,0,386,2877,400,356,247,267,251,276,253,393,126,417,280,445,145,53,189,280,253,0.4,100.9,0
3767053,CHUCKLES & BURDEN,267,68,0,386,331,445,247,267,145,393,251,370,253,45,151,280,136,357,28,56,280,253,0.3,101.1,0
1296227,BK Framfall,266,86,0,388,45103,213,357,246,267,253,370,391,393,280,257,480,454,28,145,131,253,280,0.0,101.1,0
2570779,Gatecrashers,266,67,0,388,3584,468,355,267,115,220,126,251,298,256,280,306,154,11,412,480,280,306,0.0,100.9,0
4266411,Salahuakbar,266,61,0,388,1135,260,357,267,247,251,370,253,393,437,151,280,155,141,56,145,253,251,0.0,101.4,0
458105,AAA مزجنجى #22,266,62,0,391,1528,260,286,247,71,164,393,251,253,437,280,177,400,403,392,116,280,177,0.2,101.3,1
478905,Molls Misfits,266,55,0,391,331,24,427,115,247,253,276,78,76,43,372,280,47,451,138,145,280,372,0.5,100.1,1
482384,Colonel Getafe,266,57,0,391,484,260,286,267,247,253,370,393,251,280,151,258,490,332,458,145,280,253,0.0,101.5,1
646950,Craving Cottage Pie,266,47,0,391,65,154,247,267,286,276,393,253,125,417,280,257,445,131,145,335,280,253,0.5,100.7,1
670461,Breen Machine MKII,266,48,0,391,88,260,267,247,72,393,253,18,251,258,280,151,136,145,95,56,280,253,0.9,100.6,2
1068865,Vital Stars,266,66,0,391,3336,468,116,286,247,18,393,251,364,151,280,417,155,142,432,28,280,251,0.0,100.9,1
1147758,Lallana man,266,65,0,391,2408,260,247,291,267,221,393,251,253,433,280,417,454,480,145,182,280,253,0.0,101.5,2
1155791,Daje,266,56,0,391,410,260,245,115,267,253,18,393,251,280,151,45,155,95,145,56,280,253,0.5,101.1,1
1198038,Resistance,266,66,0,391,2891,260,378,247,115,267,253,302,393,280,257,43,190,433,145,339,280,253,0.6,101.0,1
1463540,saminator,266,83,0,391,34019,468,162,357,115,251,365,391,18,480,43,372,135,9,478,72,251,372,1.8,99.2,0
2392227,Setan merah jambu fc,266,51,0,391,157,260,28,246,72,115,433,393,251,43,280,151,47,295,184,245,280,251,0.0,100.9,2
2526184,Silva lining,266,51,0,391,157,400,247,72,267,433,18,393,253,151,280,257,445,184,28,145,280,253,0.0,101.0,0
3253707,Gamle Finte,266,50,0,391,134,260,267,247,483,251,393,233,253,280,43,177,155,56,138,145,280,253,1.5,99.9,0
3282215,Salah Dodgers,266,65,0,391,2408,260,247,291,267,221,393,251,253,433,417,280,454,480,145,182,280,253,0.0,101.5,2
3519204,Eresae,266,61,0,391,1253,260,247,359,115,251,393,253,459,433,417,280,25,32,151,52,280,253,0.2,101.0,2
3744514,Team Bekerell,266,64,0,391,2072,260,247,357,115,253,433,393,125,280,257,151,136,335,416,28,280,253,0.3,100.4,0
680,Sarri not Seri,266,64,0,407,2072,400,286,247,267,253,251,370,393,258,280,45,445,149,95,138,280,253,0.1,101.4,1
51591,Winter Is Coming<٠٠>,266,57,0,407,484,24,245,115,267,393,251,253,275,43,437,280,25,131,145,138,280,275,0.3,101.2,0
71810,Boca Juniors,266,57,0,407,484,260,267,157,247,392,253,251,18,393,151,280,190,143,145,107,280,253,0.0,101.6,0
90623,Mo Mane for Mee,266,75,0,407,12342,88,247,267,286,253,251,370,432,45,280,480,328,145,27,131,253,280,0.9,100.5,0
317371,@chris_taylor_4,266,60,0,407,1126,282,247,267,380,276,233,251,253,393,280,417,136,95,145,189,280,276,0.2,101.2,1
327400,Wydad Lionz,266,75,0,407,13370,445,115,245,267,225,253,276,251,280,417,480,155,433,423,145,280,253,1.5,99.9,1
367503,Mevoo,266,59,0,407,872,154,115,267,247,433,18,393,253,189,280,417,136,140,93,295,280,253,0.0,101.3,1
418298,SLABHEAD XI,266,61,0,407,1135,260,113,247,267,253,432,251,393,392,280,480,190,95,7,189,280,251,1.5,99.7,1
609774,FC Zara Boys,266,78,0,407,19670,400,267,245,162,251,276,253,432,480,280,43,454,40,381,138,280,253,0.4,100.5,0
820977,Red or Dead,266,77,0,407,17895,468,115,247,267,82,253,99,393,433,177,280,24,480,142,49,280,253,1.7,99.0,0
896456,Abdelrahman Eid,266,65,0,407,2408,260,115,267,247,56,253,172,251,280,417,45,136,95,410,145,280,253,0.2,101.4,0
942438,Chasing the Son,266,58,0,407,596,260,247,48,267,432,253,251,370,393,417,280,155,95,145,189,280,253,0.4,101.3,0
994295,The Golden Geese,266,57,0,407,484,400,267,247,113,253,393,276,251,126,280,43,445,348,145,95,280,253,0.4,101.2,1
1128365,Thistlesifters,266,57,0,407,583,260,115,247,72,267,253,393,125,233,280,257,190,189,56,145,280,253,1.0,100.3,0
1295996,Gale Force 1,266,57,0,407,484,260,267,113,247,433,18,253,251,125,280,177,190,145,28,189,280,253,0.4,101.0,0
1440663,The Conqueror,266,67,0,407,3584,400,286,267,247,393,251,370,253,280,305,151,445,95,145,167,280,253,0.4,101.1,1
1525804,Poetry In Motion,266,64,0,407,2072,490,247,115,267,253,393,276,433,151,257,280,47,447,95,145,280,253,0.4,100.8,0
1686199,Mamadou Bits Society,266,59,0,407,750,400,247,286,267,276,253,393,251,417,151,280,445,145,56,95,280,253,0.5,100.9,0
1694258,ChatoWaska F.C,266,73,0,407,10097,468,312,356,69,115,274,251,275,370,125,280,454,480,151,143,280,251,0.4,100.3,1
1856107,Flying Without Ings,266,55,0,407,331,400,72,267,247,253,251,125,393,151,280,417,445,28,56,145,280,253,0.4,101.1,0
1889818,Barsnebäck,266,67,0,407,3584,498,247,267,286,253,251,393,370,280,151,45,190,380,145,56,280,253,0.4,101.0,0
1912220,Klopptastic,266,57,0,407,542,400,357,267,72,253,125,393,276,251,43,280,47,327,141,145,253,251,1.0,100.4,1
1930589,easy win,266,56,0,407,451,454,247,267,357,393,276,253,251,125,151,280,136,145,189,52,280,253,0.5,100.9,1
1958905,HoĶ AloH,266,69,0,407,4908,445,357,247,115,70,253,433,393,480,417,280,136,295,145,518,280,253,1.1,99.7,1
2098582,Inter Mullane,266,57,4,407,484,445,247,115,267,286,253,251,393,432,437,280,454,45,95,451,280,253,0.7,100.5,2
2140328,Dukes of Hazard,266,52,0,407,217,351,357,72,267,115,251,393,302,433,306,280,454,87,277,52,280,251,0.0,101.4,0
2283009,Spermaisetpoitsut,266,70,0,407,6527,260,247,115,267,370,251,393,253,45,151,417,400,220,332,126,253,251,0.9,100.3,0
2344365,Meols Greats,266,78,0,407,19670,282,267,247,115,355,253,274,254,43,151,280,136,360,459,458,280,253,1.1,100.0,1
2356831,Exeter Gently,266,68,0,407,4615,260,72,28,357,115,312,393,253,271,417,280,25,433,480,459,280,253,0.9,100.0,0
2559538,afganshah,266,78,0,407,19670,468,115,357,71,336,253,251,433,391,280,43,498,376,480,475,280,468,0.3,100.8,0
2735770,Maradona kebab,266,78,0,407,19670,468,115,220,357,312,253,302,393,459,280,417,179,70,456,480,280,393,0.0,101.0,0
2752574,Mike's11,266,77,0,407,17119,260,220,115,72,357,233,253,13,417,280,480,136,12,451,182,280,253,0.3,100.2,1
2868398,Classy Skreps,266,69,0,407,5442,445,286,267,115,276,253,432,251,417,480,280,135,145,56,335,280,253,0.0,101.5,0
2915381,zamalkawy,266,55,4,407,157,490,221,286,267,427,167,253,393,251,280,417,190,95,270,189,270,280,0.1,100.9,2
3105596,TWIN$ OF TWIN$,266,62,0,407,1357,260,267,286,247,251,253,393,370,45,280,151,445,145,167,95,280,267,1.0,100.2,0
3146036,Eintracht Kiel,266,54,0,407,314,400,267,247,291,251,393,253,124,280,45,417,445,95,145,167,280,253,0.0,101.1,1
3317072,Sporting Isla,266,55,4,407,370,468,357,355,292,246,302,122,251,433,396,280,136,349,382,150,280,251,0.4,100.3,2
3362480,THE CAZETTE,266,54,0,407,278,260,267,72,247,432,253,393,251,417,280,151,155,95,182,145,280,253,0.2,100.9,1
4551262,Aubamayangadingdong,266,48,0,407,88,445,267,115,246,286,251,253,432,393,417,280,400,126,145,209,280,253,0.2,101.0,0
206515,pecijevi konji,266,83,0,446,23305,260,246,267,262,115,433,393,251,391,177,372,24,480,70,199,372,251,0.0,101.3,1
350709,AshtonFC,266,56,0,446,217,351,267,245,115,357,410,304,253,251,124,280,136,265,189,209,280,251,0.0,101.0,1
1704805,Asian Milan Games,266,52,4,446,88,154,247,267,286,433,40,251,253,393,177,280,445,45,142,145,280,253,0.3,101.1,2
2532444,It’s coming home,266,55,0,446,157,445,267,247,357,383,251,253,370,393,280,45,136,151,56,429,280,253,1.7,99.5,0
2624168,Gud bevare Danmark,266,71,0,446,3584,445,267,247,356,253,370,251,393,43,151,280,400,167,145,95,280,253,0.2,101.2,0
116844,#MeyerOfLondon,266,63,4,451,933,468,247,113,267,18,391,433,253,393,151,280,155,145,335,86,280,253,0.6,101.1,2
12784,Messi Team,265,61,0,452,1357,154,267,247,72,370,276,393,253,251,280,417,136,145,95,189,280,253,0.0,101.4,1
1306612,Trailer Trash,265,57,0,452,596,400,357,72,267,18,251,253,393,151,45,280,445,126,145,52,280,253,0.5,100.6,2
3897231,มองต์ไปแล้วแย่ร์,265,73,0,452,10655,260,115,220,267,246,357,253,433,302,280,257,25,459,209,519,267,357,0.0,101.2,0
4233326,RPFC,265,65,0,452,2891,400,357,262,115,247,253,126,459,433,280,372,454,142,339,258,280,253,0.0,100.8,0
24243,Lucky Strike FC,265,49,0,456,134,468,27,72,267,393,276,251,253,177,280,43,25,435,142,145,280,253,0.5,100.8,2
45987,Bedroo Playstation,265,56,4,456,542,260,115,286,247,40,253,251,124,417,280,45,190,141,410,145,280,253,0.0,101.2,3
132487,TeamOwais,265,48,4,456,109,260,115,355,247,18,393,251,302,417,257,280,136,28,339,138,251,257,0.1,101.2,3
135453,Inter&Exether Utd *,265,75,0,456,14106,445,286,247,267,253,251,432,370,480,280,417,190,95,145,202,280,253,1.3,99.9,0
142692,Krantz,265,53,0,456,314,400,27,247,267,276,251,253,393,417,280,151,445,138,145,56,280,253,0.5,101.2,1
173015,Useless FC,265,70,0,456,7639,400,267,247,28,276,251,253,393,280,417,151,445,141,131,145,280,253,0.1,101.7,1
193021,The Gremlins,265,61,0,456,1357,454,4,115,247,267,18,251,253,40,280,417,155,7,189,56,280,253,0.0,101.2,0
201028,Eto'ManeDixonZidane4,265,67,0,456,4615,454,247,267,286,276,253,251,393,280,45,417,190,433,145,335,280,253,0.1,101.7,1
336687,Golden Generation,265,55,0,456,410,400,267,145,247,276,393,251,253,40,280,417,328,480,95,28,280,253,0.4,100.9,1
935431,Tikka Mo Salah,265,65,0,456,2891,498,115,246,267,433,458,251,253,480,280,417,25,265,145,56,280,253,0.0,101.3,2
1630847,Pique Blinders,265,57,0,456,693,468,357,268,267,251,459,253,393,225,258,280,445,162,151,141,280,253,0.9,100.3,2
2191111,Alisson Wonderland,265,56,0,456,542,468,115,247,28,253,393,164,150,417,151,280,400,311,320,5,280,253,0.0,100.7,2
2195477,ITS COMING HOME,265,88,0,456,61884,468,115,357,246,162,253,393,391,122,280,480,136,405,56,189,280,253,0.0,100.9,0
2442340,F.C. Arsenal Šopić,265,59,0,456,947,260,247,286,267,253,251,432,393,480,280,151,400,138,56,427,280,251,0.1,101.5,1
3083949,kneerose,265,47,0,456,88,400,247,267,156,370,253,251,393,151,45,280,445,145,167,95,280,253,0.4,100.7,0
3382771,FowlerHenderson,265,65,0,456,2891,260,247,115,72,312,253,251,225,458,280,151,439,335,59,43,280,253,0.0,100.9,0
3651346,Epping Toffees,265,54,0,456,370,400,247,267,115,433,251,253,393,437,280,43,191,18,49,28,280,251,0.0,101.6,0
3664795,And Smith Must Score,265,61,0,456,1357,260,247,267,138,253,393,225,251,433,280,417,136,151,95,423,280,253,1.0,100.3,0
3873508,Pay-Rock,265,60,0,456,1135,445,247,267,357,253,251,459,393,417,151,280,400,145,410,192,253,445,1.9,99.4,0
4026083,لا اله الا الله,265,52,0,456,233,490,247,162,267,370,251,276,253,393,280,417,190,145,189,95,280,253,0.1,100.8,1
73446,GRIZZYFC,265,76,0,476,17119,282,357,220,115,253,393,433,126,151,417,257,468,302,145,330,253,151,0.0,100.7,0
82640,ARMY,265,54,0,476,370,445,115,247,267,253,393,251,458,45,396,280,400,432,138,145,280,253,1.1,100.2,1
147484,THE INVINCIBLES,265,66,0,476,3584,400,286,247,267,145,253,393,18,280,417,480,445,95,295,56,280,253,0.4,100.8,0
178688,Dont Know,265,63,0,476,2072,260,267,145,247,125,251,297,393,23,417,280,445,18,141,332,267,251,0.4,100.7,0
227029,Placeholder,265,57,0,476,596,445,267,247,27,393,253,276,251,417,280,45,454,182,145,138,280,253,0.0,101.5,1
265082,Bayer Neverloosen,265,54,0,476,331,490,247,267,357,18,393,251,253,480,151,280,25,28,339,145,280,253,0.4,101.1,0
268526,Shaqiri's Left Calf,265,63,0,476,2072,260,247,357,28,267,364,40,393,253,280,257,155,145,131,189,280,364,1.0,100.3,1
375809,The Unlimited FC,265,66,0,476,3584,445,247,286,267,253,251,393,370,280,151,45,454,95,145,435,280,253,0.0,101.5,1
384532,TheWinnerTakesItAll,265,58,0,476,750,445,247,267,286,253,251,276,393,480,417,280,454,56,95,145,280,253,0.5,100.9,0
447889,DFC,265,67,0,476,4615,445,267,247,72,253,251,393,370,45,280,417,136,126,332,196,280,253,0.2,101.0,0
471046,Enter Shaqiri,265,61,0,476,1357,445,247,267,286,432,253,393,251,417,45,280,454,142,145,131,280,253,0.0,101.4,0
610805,No Kane No Gain,265,59,0,476,1052,454,267,247,115,433,18,393,253,280,257,177,136,182,332,145,280,253,0.0,101.0,1
713171,Stoke R Going Up,265,51,0,476,217,154,267,378,247,393,253,223,125,151,280,417,490,433,245,145,280,253,2.0,99.3,0
808975,Serang Hendap,265,64,0,476,2408,468,357,70,267,253,459,365,251,480,280,177,136,145,56,95,280,253,0.0,101.1,1
842886,JSK,265,60,0,476,1253,351,245,357,115,267,253,433,124,393,280,417,136,444,332,456,280,351,2.3,98.6,1
992670,Gaped Crusaders,265,66,0,476,3584,468,247,115,220,253,18,126,223,417,43,280,400,147,138,195,280,253,0.0,100.8,0
1024804,What the Pell !,265,60,0,476,1253,260,267,247,286,116,253,393,251,410,417,280,190,45,459,145,280,253,0.1,101.6,1
1066399,Dream Team 22,265,59,0,476,947,260,286,247,267,251,393,432,253,480,280,151,136,56,138,335,280,253,0.3,101.0,0
1073138,NOTTSCOUNTY1862,265,62,0,476,1654,445,247,267,286,276,253,393,251,417,280,45,454,138,102,335,280,445,0.1,100.8,0
1213174,ZaRteX,265,57,0,476,596,260,247,145,267,28,253,251,393,18,280,151,454,45,56,158,280,251,0.3,101.0,1
1394648,chill babe,265,75,0,476,14106,468,247,357,115,253,393,364,478,280,151,480,136,145,56,52,280,253,2.5,98.7,1
1514611,Party Parm's Pro's,265,61,0,476,1357,260,247,267,286,251,253,393,432,45,280,417,136,145,95,56,280,253,0.8,100.4,0
1523234,ppptteeammm,265,65,0,476,3336,445,247,267,423,253,393,251,276,480,280,417,454,433,145,138,280,253,0.5,101.0,1
1566417,Åbergs Gubbar,265,93,0,476,91352,351,28,247,378,267,164,253,223,18,177,280,445,410,480,192,280,177,0.0,101.4,0
1585559,My-AdunkZ,265,45,0,476,52,260,115,28,267,245,393,253,251,45,151,280,445,126,435,332,280,253,0.2,100.8,0
